t,x,y,z,roll,pitch,yaw,v_x,v_y,v_z,ref_x,ref_y,ref_z,ref_v_x,ref_v_y,ref_v_z,a_com,a_x,a_y,a_z,thrust,wind_x,wind_y,wind_z
0.0,0.0263076660577361,-1.032976066745205,2.5516015100960754,0.0243593470522555,0.1500686210610185,0.0289311179548581,0.0007692830838603,0.0029892484760541,-0.0034316604743283,0.0263273806397589,-1.0328022278986952,2.5515006885722067,0.0575606599405422,0.1050682369648427,-0.1033795074889945,0.2307796379978815,0.0384641541930167,0.1494624238027095,-0.1715830237164164,10.660277228294945,-1.4130065732877035,0.1666023757633483,-1.2808101882088956
0.02,0.026220897503464,-1.033234412123644,2.55128560133376,0.0153324580763626,0.1524544922078243,0.0283435957248643,-0.0088396939035257,-0.0222160617800202,-0.0279454957027246,0.0263273806397589,-1.0328022278986952,2.5515006885722067,0.0575606599405422,0.1050682369648427,-0.1033795074889945,1.822476489185835,-0.4804488493693021,-1.260265512803723,-1.2256917614198155,9.2595422949139,-1.4077081657613884,0.1758524150483288,-1.2699817030384275
0.04,0.0259798609253792,-1.0336869974099847,2.550472486284146,-0.0003940509201876,0.1577642853134405,0.0272975722656626,-0.0156792320347426,-0.0235445591103139,-0.0563710413854733,0.0263273806397589,-1.0328022278986952,2.5515006885722067,0.0575606599405422,0.1050682369648427,-0.1033795074889945,1.463348757445575,-0.341976906560846,-0.0664248665146839,-1.421277284137437,9.2595422949139,-1.3971720456383052,0.1945327486861818,-1.26935146249674
0.06,0.0256188090705881,-1.0341025696414974,2.549033011554552,-0.0175230513534373,0.1648782623542912,0.0260721043374748,-0.019750827473503,-0.0175172451014951,-0.0860738442640913,0.0269029872391644,-1.031751545529047,2.5504668934973167,0.0689356163099423,0.1250682372628659,-0.1233795077870177,1.529021666314669,-0.20357977193802,0.3013657004409415,-1.4851401439308989,8.96888087467778,-1.3863740504520377,0.2140654196474916,-1.2707781831501517
0.08,0.025205986505265,-1.0343535350491393,2.5470113818023346,-0.0340550429183428,0.1725906535661717,0.0247758146534196,-0.0210720876755419,-0.0075141897476854,-0.1145782471819002,0.0280542004379752,-1.02965018078975,2.5483993033475367,0.0916855290487423,0.1650682378589123,-0.1633795083830642,1.5118761776627614,-0.0660630101019471,0.5001527676904839,-1.4252201458904448,8.998917273602729,-1.3754122048402726,0.2329495357301542,-1.2733409407528649
0.1,0.024791633030168,-1.0343698737938145,2.5444325041191416,-0.049815116126219,0.1803654959450236,0.0234303777360998,-0.0200807283575601,0.0057267955323534,-0.1418689417339801,0.0292054136367861,-1.0275488160504531,2.5463317131977568,0.1144354417875424,0.2050682384549588,-0.2033795089791106,1.5174719878950629,0.049567965899093,0.6620492640019461,-1.364534727603992,9.08065499632903,-1.365244984773287,0.2501111996604889,-1.2761990090217994
0.12,0.0244359675528312,-1.0341113567251758,2.54148926561265,-0.0640728866490338,0.1875518898414421,0.0221270760129845,-0.0172543791237321,0.02110822465571,-0.1666345602869417,0.0314941224725369,-1.0234474512813538,2.5422641230181746,0.1371853545263424,0.2450682390510052,-0.2433795095751571,1.4645071476261204,0.1413174616913986,0.7690714561678266,-1.238280927648082,9.163267819447356,-1.3551423816880026,0.2673802100425455,-1.2793186696413008
0.14,0.0241354106302888,-1.0334951259620233,2.5378809819028154,-0.0783564782478745,0.1947779410500894,0.0207502703927851,-0.0127895024599642,0.0400191587184895,-0.1929445594404407,0.0337828313082878,-1.0193460865122548,2.5381965328385925,0.1599352672651425,0.2850682396470517,-0.2833795101712036,1.6353704520739107,0.2232438331883923,0.9455467031389756,-1.3154999576749495,9.244868645817403,-1.3458101321204765,0.2839445255772173,-1.2829252175348078
0.16,0.0239382604455608,-1.0324446964990437,2.5337435136692577,-0.0910263133268357,0.2016098127746526,0.0194532359881512,-0.0069867855290558,0.0638886014807736,-0.2194975064408154,0.0366402879625086,-1.0142447217282544,2.533128942644109,0.1826851800039425,0.3250682402430981,-0.32337951076725,1.808646466260694,0.2901358465454225,1.1934721381142062,-1.327647350018736,9.25208475925865,-1.336822371391826,0.2987080044061205,-1.2866134162396388
0.18,0.0238711077571013,-1.0308814452179171,2.529075103885277,-0.1011369710693443,0.2080412320230827,0.0183296967774067,0.0001396827128917,0.0906711639328033,-0.2460090610945962,0.0400664924351995,-1.0081433569293528,2.5270613524347243,0.2054350927427425,0.3650682408391446,-0.3633795113632964,1.917651383372879,0.356323412097382,1.339128122601487,-1.3255777326890386,9.278623969848011,-1.328987978383152,0.3100616900365291,-1.2905169187470598
0.2,0.0239515114033359,-1.028884683841352,2.524151172913996,-0.1083660341076768,0.2137876384985577,0.0174460493561967,0.0080978000918524,0.1176358524955039,-0.2709531665679957,0.0238780918927459,-1.026347887021277,2.516774650830546,0.062523394050935,0.1906711654229195,-0.3460090625847123,1.879251486209885,0.3979058689480316,1.348234428135027,-1.2472052736699726,9.312853017690031,-1.3217666641336936,0.3192144600896787,-1.2948681560517066
0.22,0.0242351011361819,-1.0260853737329614,2.518566651254817,-0.1097148817559093,0.2194393395166507,0.0170026511135296,0.0201663527050288,0.1592327323096124,-0.2853887119248242,0.0238780918927459,-1.026347887021277,2.516774650830546,0.062523394050935,0.1906711654229195,-0.3460090625847123,2.2827260798196143,0.6034276306588205,2.0798439907054265,-0.7217772678414253,9.352266898806192,-1.3160475864775771,0.3214334266121793,-1.303505671608947
0.24,0.0247764491822698,-1.0225384584671673,2.512713455885869,-0.104303149145485,0.2246821825134131,0.0171194887932989,0.033491341978861,0.1920055512440058,-0.2992421125705086,0.0238780918927459,-1.026347887021277,2.516774650830546,0.062523394050935,0.1906711654229195,-0.3460090625847123,1.899690573161935,0.6662494636916089,1.6386409467196703,-0.6926700322842233,10.07712853398516,-1.3110249516407406,0.3164226096556355,-1.3161041197840937
0.26,0.0255436952347401,-1.0186340513751675,2.506879313156804,-0.0972487566390371,0.22932488381866,0.0174490636403221,0.0467129699728232,0.2169721255797862,-0.3141652232079274,0.0245033258332553,-1.0244411753670477,2.5133145602047,0.0750001363185436,0.2106711657209427,-0.3660090628827355,1.597529743049729,0.6610813996981092,1.2483287167890182,-0.7461555318709401,10.07712853398516,-1.3051567643982234,0.3082287550655815,-1.3271919008713795
0.28,0.0266282370558672,-1.0140547876403754,2.5004130429683555,-0.0897733837148977,0.233894523002484,0.0178796784300713,0.0611284365630382,0.2395181126170556,-0.3317834740134377,0.025753793714274,-1.0206277520585894,2.506394378953005,0.0999536208537609,0.2506711663169891,-0.4060090634787819,1.6019753196789497,0.7207733295107522,1.12729935186347,-0.8809125402755136,9.950922395251837,-1.299377421427092,0.2996610339189695,-1.3362409309361352
0.3,0.028006293588733,-1.009049299352517,2.4935759604445997,-0.0829606287025052,0.238170857053429,0.0183346028814249,0.0760353806266514,0.2598814362378339,-0.3511298643449227,0.0270042615952927,-1.016814328750131,2.499474197701311,0.1249071053889782,0.2906711669130356,-0.4460090640748284,1.5899408393541057,0.7453472031806574,1.018166181038915,-0.96731951657425,9.832963186851885,-1.2941071060189826,0.2920975041208279,-1.3431280424402676
0.32,0.0296875481914689,-1.003654387763932,2.486335732281594,-0.0770343136018096,0.2421784710535529,0.0187874318434325,0.0914322408081292,0.2786878972911361,-0.3719459874952225,0.0295024037030722,-1.0110009054118705,2.4905540164198143,0.1498605899241955,0.330671167509082,-0.4860090646708748,1.6000447367228496,0.7698430090738922,0.9403230526651096,-1.0408061575149896,9.74232120556826,-1.2888440598402755,0.2850837254692187,-1.34890904830985
0.34,0.0315761155150013,-0.9981914694592288,2.479065978614822,-0.072233072353812,0.2457510503785105,0.0192071233653177,0.1066631674157586,0.2955253524651826,-0.3922712870773902,0.0320005458108518,-1.0051874820736095,2.4816338351383176,0.1748140744594128,0.3706711681051285,-0.5260090652669214,1.5236459769003785,0.7615463303814698,0.841872758702325,-1.016264979108383,9.671050443510468,-1.2840319242878624,0.2791442681890507,-1.3536993326322218
0.36,0.0338827854879173,-0.9920963375956176,2.4709910317241324,-0.067766839182098,0.2492772482239834,0.019651091363734,0.1232775566946536,0.3130421996015601,-0.4141819369428129,0.0351225250320118,-0.9983740587204476,2.47171365384192,0.19976755899463,0.410671168701175,-0.5660090658629677,1.6301491053236723,0.8307194639447498,0.8758423568188761,-1.0955324932711368,9.64654512944253,-1.2794954141134502,0.2739372406045934,-1.3576322625662298
0.38,0.036528247776171,-0.9856552827222428,2.4624747067631017,-0.0635827497377198,0.2525757605840107,0.0201145044348257,0.1405131828039884,0.3300829942719085,-0.4363686159786487,0.0388683413665522,-0.9905606353523846,2.460793472530621,0.2247210435298473,0.4506711692972214,-0.6060090664590142,1.64294264736855,0.8617813054667418,0.8520397335174179,-1.1093339517917882,9.616137443741536,-1.2746795714923356,0.2690812144360345,-1.361410224813543
0.4,0.0395247109353728,-0.9788803707186062,2.453511952838915,-0.0595394073394575,0.2556585081815102,0.0206027554084495,0.158344421579861,0.3464334632752207,-0.4588032651143252,0.0435539069163705,-0.9691511330086476,2.440656275964169,0.1402650680218357,0.4300829957620246,-0.5363686174687647,1.649700271830738,0.8915619387936293,0.8175234501656081,-1.121732456783825,9.616137443741536,-1.2700271587661016,0.26462589956216,-1.3647660514338944
0.42,0.0428718113113167,-0.9721462115565902,2.444749663119824,-0.056176728130396,0.2547345809449759,0.0212736198282346,0.1924976398146422,0.361779058909982,-0.4623272586163728,0.0435539069163705,-0.9691511330086476,2.440656275964169,0.1402650680218357,0.4300829957620246,-0.5363686174687647,1.8803910174353824,1.7076609117390575,0.7672797817380672,-0.1761996751023842,9.607692464672256,-1.2639369752117855,0.261380784721947,-1.3756424878610831
0.44,0.0470662413911544,-0.964757015021509,2.4354428113527637,-0.053580798346968,0.2465622986956546,0.022314597119655,0.224076541584645,0.3765298898317655,-0.4682325860573116,0.0435539069163705,-0.9691511330086476,2.440656275964169,0.1402650680218357,0.4300829957620246,-0.5363686174687647,1.7675455737174317,1.5789450885001388,0.7375415460891765,-0.2952663720469373,10.91049553232915,-1.2795898757792568,0.2589173266515982,-1.3627181518891045
0.46,0.0518159723354937,-0.9570730355654016,2.425980494536642,-0.0518430412315164,0.2333720658839766,0.0235478118643861,0.2484377813773022,0.3911912458580248,-0.4774850978553999,0.0449565575965888,-0.9648503030510271,2.4352925897894813,0.1402154450654052,0.4500829960600478,-0.5563686177667879,1.4950203504784143,1.218061989632864,0.7330678013129616,-0.4626255899044168,10.603720980222532,-1.299409650320481,0.2575993883789331,-1.3440066833859656
0.48,0.0567089685307615,-0.949506536371822,2.416793985404236,-0.0508010897354618,0.2182337945342585,0.0247957344890288,0.2647874612212616,0.4045781673907936,-0.4889156094103374,0.0477618589570255,-0.9562486431357868,2.4245652174401062,0.1401161991525441,0.4900829966560943,-0.5963686183628344,1.201226762035421,0.8174839921979676,0.6693460766384413,-0.5715255777468758,10.330605929787453,-1.3232671697812433,0.2571721670643193,-1.3217570110464212
0.5,0.0621242593236068,-0.9412746781329736,2.406864388055621,-0.0504627042063386,0.2013185361845224,0.0260968203521624,0.2752881810541734,0.4179284416079357,-0.5035040698764144,0.0505671603174623,-0.9476469832205464,2.4138378450907307,0.140016953239683,0.5300829972521408,-0.6363686189588809,1.1195067188861405,0.5250359916455893,0.6675137108571039,-0.7294230233038462,9.875556890757252,-1.3470315854455346,0.2575899199908404,-1.2971813459225183
0.52,0.0676839726414511,-0.9327805468960884,2.3966160299425017,-0.0510491930065574,0.1847989266154446,0.0273192814181094,0.279723606372874,0.430868126344522,-0.5206750925514355,0.0533674993822559,-0.9370453232755036,2.401110472711553,0.139917707326822,0.5700829978481873,-0.6763686195549273,1.0976707823228535,0.2217712659350307,0.6469842368293177,-0.8585511337510565,9.875556890757252,-1.368074888666872,0.2590286989996449,-1.2734285979218796
0.54,0.0732769914588947,-0.9240291365713996,2.3860050613866144,-0.0526281245547677,0.1697396628044559,0.0284214186380497,0.2791617572342182,0.4437356528409743,-0.53951862885451,0.0561678384470496,-0.9264436633304608,2.3883831003323754,0.1398184614139609,0.6100829984442337,-0.7163686201509738,1.1412359232393563,-0.0280924569327878,0.6433763248226143,-0.9421768151537224,9.68918262731222,-1.385331499327529,0.2614175441365859,-1.25270605446078
0.56,0.0785423347206243,-0.915463336387332,2.3755638497782945,-0.0546757586229672,0.157361123440007,0.0293622924088674,0.2750440817502734,0.4573624795054075,-0.5586000414887602,0.0589656963640217,-0.9148420033705168,2.374655727938297,0.1397192155010998,0.6500829990402801,-0.7563686207470202,1.190321347842792,-0.2058837741972408,0.6813413332216606,-0.9540706317125114,9.58021248557634,-1.3997813288621257,0.2645179419344529,-1.2336751122727423
0.58,0.0839710660052273,-0.9061530071292896,2.3641685262541534,-0.0566511627555418,0.146630109444214,0.0302728808792146,0.2679569643766987,0.4728856447984838,-0.5799786155601891,0.0617610731331723,-0.9022403433956716,2.3599283555293167,0.1396199695882387,0.6900829996363266,-0.7963686213430666,1.36769817824563,-0.3543558686787379,0.7761582646538118,-1.068928703571448,9.498287628076469,-1.4106886202459687,0.2673801234240804,-1.218315405748273
0.6,0.0892347288372893,-0.89652374723142,2.352333654921793,-0.0580275862794451,0.1383483838718287,0.0311098738888877,0.258738556384485,0.4891627186386794,-0.6024749980192626,0.0973689142240623,-0.8825087248893655,2.335169595476144,0.1863012385399448,0.5728856462885998,-0.6798649360915574,1.4628819180431127,-0.4609203996106842,0.8138536920097805,-1.124819122953674,9.352695756540925,-1.4178876438337595,0.2694370980719482,-1.207112839368025
0.62,0.0944343630464673,-0.8864998245548238,2.340329461467791,-0.0571585243300115,0.1294337456493998,0.0321464383718493,0.260817413222249,0.5116905873580053,-0.5967041981014758,0.0973689142240623,-0.8825087248893655,2.335169595476144,0.1863012385399448,0.5728856462885998,-0.6798649360915574,1.167399510105935,0.1039428418881993,1.1263934359662968,0.288539995889342,9.352695756540925,-1.4232428028966666,0.2695403469071352,-1.200278336540101
0.64,0.0993750374571679,-0.8765889954680937,2.3289989046674613,-0.0539343730499141,0.1183430433337326,0.0334189240823387,0.2585570808139401,0.5300460324881237,-0.596277646063706,0.0973689142240623,-0.8825087248893655,2.335169595476144,0.1863012385399448,0.5728856462885998,-0.6798649360915574,0.9249505597081412,-0.1130166204154431,0.9177722565059164,0.0213276018884878,11.050708083454085,-1.438858952478885,0.2672023038660145,-1.1881035734585226
0.66,0.1044709144168246,-0.8658209888188806,2.3170204427881624,-0.0495828212683832,0.1052094120582374,0.0348406420001744,0.2506175258546728,0.5455301495077183,-0.6018275831452713,0.0992319266094617,-0.8767798684264795,2.3283709461152284,0.169970093372594,0.592885646586623,-0.699842200197831,0.9132308230084272,-0.3969777479633674,0.7742058509797312,-0.2774968540782629,10.586357313686676,-1.454717217089205,0.2635099110505358,-1.1719694930084623
0.68,0.1093507660593463,-0.8547718659966479,2.304866632130179,-0.0453738537770862,0.0918709751205567,0.0361877963898786,0.2374269179367609,0.5585869068766505,-0.613216930442331,0.1029579513802606,-0.8653221555007076,2.3147736473933973,0.1373078030378925,0.6328856471826695,-0.7397967284103784,1.0887932334565262,-0.6595303958955939,0.6528378684466096,-0.569467364852988,9.877261539019855,-1.4690204577211587,0.2597600185289002,-1.1541847978113104
0.7000000000000001,0.1139190997863372,-0.843479467959654,2.292437324206817,-0.041699148124504,0.0793319950002567,0.0373927848539826,0.2198618041740659,0.5700728313296053,-0.6291190089271265,0.1066839761510595,-0.8538644425749355,2.301176348671566,0.104645512703191,0.672885647778716,-0.7797512566229257,1.316563502239822,-0.8782556881347477,0.574296222647741,-0.7951039242397706,9.877261539019855,-1.4803517375161608,0.2565922634737645,-1.13768420691313
0.72,0.1178993479682236,-0.8325500809985154,2.2803001581777185,-0.0388341467803436,0.0687966987770067,0.0383846757644181,0.1999174344455931,0.5799352784245949,-0.6476663900427527,0.1087768864051233,-0.8404067296193612,2.285581323539108,0.0719832223684894,0.7128856483747624,-0.819705784835473,1.4483189331219333,-0.9972184864236412,0.4931223547494812,-0.927369055781313,9.62637672843084,-1.4894610684019236,0.2538080395648124,-1.12164405710973
0.74,0.1216550741057822,-0.8208512556610288,2.26712508200294,-0.0365404200831263,0.0595093954839513,0.0392679605775539,0.1766177679547105,0.589544386159527,-0.6689326319614035,0.1108697966591871,-0.826949016663787,2.269986298406649,0.0393209320337878,0.7528856489708089,-0.8596603130480203,1.648834782043419,-1.164983324544129,0.4804553867466032,-1.0633120959325393,9.336076770356158,-1.4957073008426878,0.2516733930821541,-1.1074473992685316
0.76,0.1249180681811622,-0.8089565283700909,2.253510758527229,-0.0347035605417401,0.0524395502899181,0.0400089740446998,0.1508815504266602,0.599429946534347,-0.691418912297818,0.1121461496548834,-0.8124913036933115,2.253392410068877,0.0066586416990863,0.7928856495668553,-0.8996148412605676,1.778840914713257,-1.2868108764025152,0.4942780187410012,-1.1243140168207266,9.281845766734932,-1.4995379330531566,0.2499827154856268,-1.0960889455195153
0.78,0.1276430725151854,-0.796865442570363,2.2394363699173696,-0.0329881519155502,0.0481700065621801,0.04062205704003,0.1229238495701719,0.6091216835702987,-0.7148866197841561,0.1126059453922122,-0.7970335907079348,2.2357996585257918,-0.0260036486356151,0.8328856501629017,-0.9395693694731148,1.8883167760066464,-1.3978850428244156,0.484586851797586,-1.1733853743169045,9.281845766734932,-1.50075280514516,0.2485045713285306,-1.0888344689994165
0.8,0.1296984004196339,-0.785202890796961,2.225622158719748,-0.0313903960647075,0.0473713709630335,0.0410793994981643,0.0952253677803991,0.6179895609540138,-0.7380438750271134,0.133789264993694,-0.766409358391848,2.203692038928162,0.0599636793607641,0.7091216850604148,-0.7358430019395745,1.8588327070627255,-1.3849240894886414,0.4433938691857542,-1.1578627621478654,9.237971523263695,-1.4969764720848016,0.2468911935051789,-1.087234773487806
0.8200000000000001,0.131283183480871,-0.7727078682755699,2.2110523290169155,-0.0288720744555862,0.0510895871183401,0.0414680997913729,0.065431863688389,0.6306092985137731,-0.7153317473369298,0.133789264993694,-0.766409358391848,2.203692038928162,0.0599636793607641,0.7091216850604148,-0.7358430019395745,1.976582534561248,-1.489675204600504,0.6309868779879657,1.1356063845091802,9.188597188022412,-1.4909172580232124,0.244954364987107,-1.097410770841026
0.84,0.132318398002432,-0.7599881442462885,2.1969906555812946,-0.0257027529576242,0.0594825367001494,0.0417722911421118,0.04025075586538,0.6406293729309788,-0.6924921525548037,0.133789264993694,-0.766409358391848,2.203692038928162,0.0599636793607641,0.7091216850604148,-0.7358430019395745,1.7721012755568375,-1.2590553911504494,0.5010037208602824,1.141979739106308,12.311198192027405,-1.4822620910080058,0.2427139477035372,-1.1176844759460505
0.86,0.1329013451113225,-0.7470885697459392,2.183316233897128,-0.0228593142247036,0.0705516602500481,0.0420017983694685,0.0198886211840406,0.6489619525797882,-0.6760853547967236,0.1343889017873016,-0.7593181415412439,2.196333608908766,0.0473716453188825,0.729121685358438,-0.7400342783706582,1.3722530971538185,-1.0181067340669698,0.4166289824404701,0.8203398879040036,11.887956260899957,-1.470841205987485,0.2407046427023026,-1.139222969182215
0.88,0.1331206983791801,-0.7346881734317449,2.170580878920796,-0.0207727076788399,0.0821638784989412,0.0421681231516172,0.004619506420821,0.6561096478182799,-0.665317279622624,0.1355881753745169,-0.7451357078400356,2.1816167488699745,0.0221875772351194,0.7691216859544845,-0.7484168312328255,1.000233542516182,-0.7634557381609813,0.357384761924584,0.5384037587049806,11.477926766363453,-1.4568155297529384,0.2390838797232345,-1.162596893133033
0.9,0.1330814505973671,-0.7214938088897277,2.15735670450972,-0.0193574304254735,0.0944559416247263,0.0422980287606533,-0.0073807258583526,0.663051321972383,-0.6578669666881265,0.1367874489617322,-0.7309532741388273,2.1668998888311832,-0.0029964908486436,0.809121686550531,-0.7567993840949929,0.7869237219035372,-0.600011613958683,0.3470837077051592,0.3725156467248747,11.170468989760591,-1.4422781147381196,0.2381928695528961,-1.1849625361850105
0.92,0.1328416927307157,-0.7081668334376924,2.1442419826726176,-0.0190002392355271,0.1059326743822088,0.042370092771816,-0.0157881649297617,0.6694690796397558,-0.6540078572044924,0.1367275191447593,-0.7147708404078167,2.1517639011492835,-0.0281805589324068,0.8491216871465774,-0.7651819369571603,0.5629506444246519,-0.4203719535704543,0.3208878833686368,0.1929554741817052,10.942705037058658,-1.428724804241058,0.2382908438620444,-1.2040039780281433
0.94,0.1324690326802784,-0.6947139713025563,2.1311950085269946,-0.0199390296522371,0.1159735411073109,0.0423667248598612,-0.0209654418865331,0.6756881162087242,-0.6509202276632018,0.1366675893277865,-0.698588406676806,2.136627913467384,-0.0533646270161699,0.8891216877426239,-0.7735644898193277,0.4330533128771002,-0.2588638478385703,0.3109518284484192,0.1543814770645302,10.749471009114131,-1.4160717288880995,0.2397608945538107,-1.2214099096355395
0.96,0.1320413243227825,-0.6818068770071828,2.118853645641788,-0.0218883053915829,0.1238787952084129,0.0423018856584222,-0.0237789518259361,0.6827020721080381,-0.6483557168694305,0.1359780578087195,-0.6814059729308942,2.1212823619639294,-0.078548695099933,0.9291216883386704,-0.781947042681495,0.3990242196534265,-0.1406754969701515,0.3506977949656986,0.1282255396885645,10.749471009114131,-1.405691145285005,0.2425510647401878,-1.2357184993549482
0.98,0.1315496501333086,-0.668060961691613,2.10591089354173,-0.0245490069719693,0.1304119966615274,0.0422066201578447,-0.0252179445974727,0.6917441842986792,-0.646094077481175,0.1346589245875585,-0.6632235391700814,2.105727246638921,-0.1037327631836961,0.9691216889347166,-0.7903295955436623,0.4715546251156481,-0.0719496385768281,0.4521056095320552,0.113081969412776,10.743670659135203,-1.3974786744245589,0.2460838379828868,-1.2472244930995242
1.0,0.1310417750480828,-0.654112953727322,2.0930078693203216,-0.0269993969987528,0.1351030452396924,0.0421511828078108,-0.0255803012896269,0.7025060225259713,-0.644338594379578,0.1302887529034349,-0.633473752476679,2.073606189667671,-0.0246896798066993,0.7917441857887954,-0.6512143260149603,0.5455047784454915,-0.018117834607708,0.5380919113646021,0.0877741550798505,10.743670659135203,-1.3918851336455556,0.2492734055158811,-1.255923444091848
1.02,0.130512320231826,-0.6405838938900179,2.080940331065284,-0.0266140090225586,0.1400119001044135,0.0422635688129907,-0.0295316292710491,0.7200171327932116,-0.6260339847467583,0.1302887529034349,-0.633473752476679,2.073606189667671,-0.0246896798066993,0.7917441857887954,-0.6512143260149603,1.2819035741994529,-0.1975663990711137,0.8755555133620141,0.9152304816409828,10.732804718731131,-1.3899387979750526,0.2501688473599593,-1.2702015137529885
1.04,0.1299056925051186,-0.6260265256593375,2.06860359307088,-0.0226995736580818,0.1470443323214684,0.0425826813716428,-0.030522778173429,0.7341073039209557,-0.6088243585944495,0.1302887529034349,-0.633473752476679,2.073606189667671,-0.0246896798066993,0.7917441857887954,-0.6512143260149603,1.1132009374524825,-0.0495574451189915,0.7045085563872067,0.8604813076154405,11.924908100734685,-1.382418283818582,0.246549393120486,-1.2891693252128822
1.06,0.1293093233698967,-0.6112396730638572,2.056574989247136,-0.0176887729465005,0.1549065330314344,0.0429817586541124,-0.0287681970074075,0.7436902444143659,-0.5950718554461858,0.1300418561053679,-0.625556310618791,2.0670940464075214,-0.0245840268485446,0.8117441860868185,-0.6522383757217174,0.8426782399163426,0.0877290583010715,0.479147024670512,0.6876251574131853,11.701763615574237,-1.3729270149344666,0.2413492464922105,-1.3079776456546532
1.08,0.1287965492638504,-0.5970412797564428,2.045371390420448,-0.0132417379386715,0.1625899319335657,0.0433594542103185,-0.025065342003491,0.7504878209880459,-0.5849742546972826,0.129548062509234,-0.6097214269030151,2.054069759887222,-0.0243727209322353,0.851744186682865,-0.6542864751352315,0.636159813528257,0.1851427501958257,0.3398788286839982,0.5048800374451601,11.496156397545748,-1.3634425690006462,0.2365870976636379,-1.3246136087092153
1.1,0.1283530819937518,-0.581970956093881,2.033763150203063,-0.0093635001884752,0.1705843497063294,0.0437232311318721,-0.0192563961549361,0.756304206867056,-0.5765087360012523,0.1290542689131,-0.5938865431872392,2.041045473366923,-0.0241614150159259,0.8917441872789115,-0.6563345745487457,0.589998312196378,0.2904472924277444,0.2908192939505061,0.4232759348015147,11.334084957267804,-1.3537779965380994,0.2324451486002405,-1.3410441994698694
1.12,0.1280443167173147,-0.566792453954051,2.0223042459815943,-0.0064281855871792,0.1783093228950326,0.0440375895250744,-0.0117155635595841,0.761404318605357,-0.5699092086722567,0.1285710406127815,-0.576051659441661,2.027918781875948,-0.0239501090996166,0.931744187874958,-0.6583826739622598,0.5622033816610275,0.3770416297675998,0.2550055869150469,0.3299763664497801,11.135837130656,-1.344335355300527,0.2293479011101047,-1.356095103849202
1.14,0.1279136544839275,-0.5515171068760755,2.010967245272586,-0.0044362639833129,0.1853853902731818,0.0442957502844875,-0.0016375290535614,0.7661071042695473,-0.5641548790603802,0.1280878123124629,-0.5582167756960827,2.014792090384973,-0.0237388031833072,0.9717441884710044,-0.6604307733757739,0.6260896137734971,0.5039017253011386,0.2351392832095178,0.2877164805938248,11.135837130656,-1.3358905390463136,0.2274246316302404,-1.3692364733905542
1.16,0.1280002760225072,-0.5369123584539455,2.0002988011871827,-0.0031109889576803,0.1909348130246917,0.0445051435841464,0.010219879314741,0.7710067810236686,-0.5591464705108701,0.1276098666600522,-0.5393818919356034,2.00161419640866,-0.0235274972669978,1.0117441890670509,-0.6624788727892881,0.688638369731118,0.5928704184151251,0.2449838377060642,0.2504204274755062,11.119967680412628,-1.3287265885088744,0.2261216422954587,-1.3810578223129844
1.18,0.1283511832420158,-0.5214388751245023,1.989168386203499,-0.0021155516977124,0.1951128864006574,0.0446967578755626,0.0242123028093669,0.7760717437793591,-0.5541724665009984,0.1271372036555491,-0.5195470081602228,1.9883850999470096,-0.0233161913506885,1.0517441896630972,-0.6645269722028022,0.7845101638278956,0.6996211747312925,0.253248137784523,0.2487002004935845,11.119076824785225,-1.324195553181641,0.2253147303677789,-1.389862852268916
1.2,0.1289940130302967,-0.505864523473152,1.9781344683509197,-0.0014892056698198,0.1973346513122026,0.0448574510091317,0.0391682818238003,0.7810901590518802,-0.5494587646082741,0.1295617983824841,-0.4826352879355343,1.9614597628784487,-0.0069828311151173,0.8313330949475147,-0.5453249178746351,0.823232630641419,0.7477989507216681,0.2509207636260557,0.2356850946362121,11.122780636471362,-1.3225026866410237,0.2249591495319047,-1.39539598073082
1.22,0.1299680565542007,-0.4908052196697369,1.9678409580768248,0.0042113982880742,0.1954145166982175,0.0453524659387321,0.0623794980418122,0.8001244542394127,-0.5342457159901465,0.1295617983824841,-0.4826352879355343,1.9614597628784487,-0.0069828311151173,0.8313330949475147,-0.5453249178746351,1.6826332041349208,1.1605608109005965,0.9517147593766262,0.7606524309063833,11.122079682701042,-1.3231365306849812,0.2179744911458857,-1.4044887638479029
1.24,0.1314515357682061,-0.474720884988824,1.9573173820669811,0.0148482980071026,0.187215080307117,0.0460866871862343,0.0838151211336727,0.806519438858114,-0.5189012610703924,0.1295617983824841,-0.4826352879355343,1.9614597628784487,-0.0069828311151173,0.8313330949475147,-0.5453249178746351,1.3563130744725704,1.0717811545930247,0.3197492309350624,0.7672227459877057,11.971108220801398,-1.3387786849382548,0.2048077827505838,-1.3976783209845876
1.26,0.133301823251613,-0.4585904643549809,1.9470748987373347,0.0257396133543098,0.1746482708149423,0.0466124902047661,0.0992979574767965,0.8060422152276238,-0.5059761928276453,0.1294919700713329,-0.4743219569860591,1.956006513699703,-0.0132218579000141,0.8423853651811458,-0.5435554081493624,1.0087162047636624,0.7741418171561903,-0.0238611815245093,0.6462534121373542,11.80354294857807,-1.359324136563635,0.1911426398209305,-1.381951721716096
1.28,0.1353937342005269,-0.4425175766508977,1.9370687333914147,0.0353341639334408,0.1595991726791145,0.0467911186366129,0.1084081925434017,0.801433661690321,-0.4951752118165884,0.1293523134490306,-0.4576952950871089,1.94510001534221,-0.0256999114698078,0.8644899056484081,-0.5400163886988172,0.7431290928839325,0.4555117533302608,-0.2304276768651358,0.5400490505528405,11.590327466088638,-1.3812388965456248,0.1796902698641145,-1.3617443998809604
1.3,0.1374899617893698,-0.427361410190404,1.927745922912567,0.0427711711522627,0.1444466917981668,0.0466439070881225,0.1113030789781715,0.7944890888623568,-0.4866361130611019,0.1292126568267283,-0.4410686331881586,1.9341935169847173,-0.0381779650396015,0.8865944461156704,-0.5364773692482718,0.5690423244123973,0.1447443217384873,-0.3472286413982117,0.4269549377743292,11.405746952460504,-1.404541826764333,0.1698656781116977,-1.338397612304102
1.32,0.1396985262329886,-0.4115672504407882,1.9180952840570384,0.0487769044168924,0.1287891001088685,0.0462269724937186,0.1089242843272189,0.7855314810175976,-0.4788929242796499,0.1284490975259362,-0.4233367442658451,1.923463969599752,-0.0506560186093952,0.9086989865829328,-0.5329383497977265,0.6038509228217979,-0.1189397325476293,-0.4478803922379593,0.3871594390725957,11.25757131283808,-1.426352361892509,0.1623876104718467,-1.314627828000235
1.34,0.1418068160748141,-0.3959658620809556,1.9085915076407196,0.0529771051742329,0.1143585161087503,0.0456323636232289,0.1016808879136126,0.7753527831171666,-0.4718632708199888,0.1276855382251442,-0.4056048553435317,1.9127344222147864,-0.0631340721791889,0.930803527050195,-0.5293993303471812,0.716743870423405,-0.3621698206803129,-0.5089348950215511,0.3514826729830583,11.15267131640212,-1.44485612542998,0.1573504638861008,-1.293078558598136
1.36,0.1437236532338077,-0.3805724300185115,1.8992234336699656,0.055617706179229,0.1019164937340535,0.0449611153930932,0.0902456363671792,0.764858744443419,-0.4652563956109032,0.1266100275851073,-0.3873203529095368,1.9020933503160848,-0.0756121257489826,0.9529080675174572,-0.5258603108966359,0.8434166017525795,-0.5717625773216696,-0.5247019336873826,0.3303437604542769,11.097597432040857,-1.461272918467288,0.1538779823928155,-1.273077249162052
1.38,0.145301774284861,-0.3661466771610051,1.8904437319893468,0.0569469320647071,0.0923557595731778,0.0443253040443824,0.0764496997811829,0.7544065948714062,-0.4592279020131011,0.1252225656058256,-0.3684832369638603,1.8915407539036464,-0.0880901793187763,0.9750126079847194,-0.5223212914460906,0.9164033391734512,-0.6897968292998158,-0.5226074786006396,0.3014246798901082,11.0646428992477,-1.4741474463462758,0.1519273442404179,-1.2549118035577986
1.4,0.1466562779959992,-0.3511812525476293,1.8813244396074265,0.0570068655817745,0.0848978037142707,0.0436881734674137,0.0596006974816098,0.7428206640547534,-0.4530087553210397,0.1491242592739202,-0.3284263474174347,1.867482336888692,0.0052080006220375,0.7362229183454557,-0.4412390823841471,1.0686445350965177,-0.8424501149786555,-0.5792965408326356,0.310957334603068,11.042098606453692,-1.4835297225348594,0.1515741769624705,-1.240069180522832
1.42,0.1476741415369002,-0.3362129823717937,1.8724066514661903,0.063172976987817,0.0796403420183821,0.0435746197179035,0.0431671415827627,0.7509879895700903,-0.4389427492282669,0.1491242592739202,-0.3284263474174347,1.867482336888692,0.0052080006220375,0.7362229183454557,-0.4412390823841471,1.1560920086177464,-0.8216777949423552,0.4083662757668416,0.7033003046386405,11.486481112109686,-1.4887094221770707,0.1439270894105044,-1.2387314421641684
1.44,0.148331390719094,-0.3220073249695179,1.864181450816424,0.0750591832039162,0.0760834976879596,0.0439022369441686,0.0268069146562884,0.743104743793334,-0.4276568065569128,0.1491242592739202,-0.3284263474174347,1.867482336888692,0.0052080006220375,0.7362229183454557,-0.4412390823841471,1.0690826570517955,-0.8180113463237133,-0.3941622888378127,0.5642971335677066,11.334921929495067,-1.4938999173202971,0.1301553888183507,-1.2360366270341594
1.46,0.1486777862486752,-0.3073038462678717,1.8557291613498517,0.0880913525583628,0.0741380299927369,0.0443415301099364,0.0087588856906216,0.7273849386905666,-0.4182789410948114,0.1491763392801406,-0.3210641182339802,1.8630699460648503,-0.0090403392097914,0.7325861830402657,-0.4376413184583563,1.2852898336949263,-0.9024014482833388,-0.7859902551383691,0.4688932731050699,11.334921929495067,-1.4953106999503167,0.1150598604154092,-1.2320490760385767
1.48,0.148667685821591,-0.2929727423386772,1.847441156943293,0.0997120602761428,0.0739066687001219,0.0447783665986615,-0.0087158874435301,0.7066546824598219,-0.4110464805337098,0.1492804992925813,-0.306339659867071,1.8542451644171676,-0.0375370188734496,0.7253127124298855,-0.4304457906067748,1.403049985968334,-0.8737386567075928,-1.036512811537238,0.3616230280550775,11.201820537257843,-1.4939529885815923,0.1015926578667508,-1.228910621305298
1.5,0.1483183105553592,-0.2790920120039124,1.839281652746808,0.1089939598738449,0.0748697270234317,0.0451376239622876,-0.0252142136308758,0.6829717424653042,-0.4052055661854382,0.1493846593050221,-0.2916152015001619,1.8454203827694844,-0.0660336985371077,0.7180392418195053,-0.4232502627551932,1.4724067832903949,-0.8249163093672861,-1.1841469997258824,0.2920457174135832,11.095780599164756,-1.4911940947923348,0.0913346991601296,-1.2260229388614052
1.52,0.1476914335920306,-0.2663612615114795,1.8316324788171592,0.1155549407984801,0.0764508191131416,0.0453732168882541,-0.0398647133758206,0.6588264348145461,-0.4001987985357989,0.1480639853342799,-0.2772544166637718,1.8369553775143803,-0.0945303782007659,0.7107657712091251,-0.4160547349036116,1.4341380221441924,-0.7325249872472391,-1.2072653825379087,0.2503383824819627,11.034201736360956,-1.4871707016811817,0.0832024579321169,-1.223157902577277
1.54,0.1467428484215697,-0.2534624845676272,1.823685957558096,0.1202993007348735,0.0784115160770105,0.0454862734668493,-0.0541474602196324,0.632693145443324,-0.3946491527105967,0.1467433113635378,-0.2628936318273817,1.828490372259277,-0.123027057864424,0.7034923005987449,-0.40885920705203,1.5147146922354933,-0.7141373421905874,-1.3066644685611029,0.2774822912601088,11.009869130711197,-1.482889248541637,0.0775754915495326,-1.220488691787083
1.56,0.1455158777174809,-0.2410936359258084,1.815854860787617,0.1230176762022504,0.0804562619926724,0.0454494723554204,-0.0677786045890397,0.605920531965767,-0.3886823623521334,0.1447102204012041,-0.2487146837562511,1.8202052552004624,-0.1515237375280822,0.6962188299883648,-0.4016636792004485,1.5314890763731723,-0.681557218470364,-1.3386306738778495,0.2983395179231657,11.05614269744001,-1.4789702271346663,0.0742352509991454,-1.2177401085318205
1.58,0.1440230939457902,-0.2292699007087535,1.8081472714838729,0.1236296003344898,0.0825413154311295,0.0452514285268255,-0.0807601513028267,0.5782246523104676,-0.3823155480067103,0.1419647124472791,-0.23471757245038,1.8121000263379372,-0.1800204171917403,0.6889453593779846,-0.3944681513488669,1.5621448635387076,-0.6490773356893506,-1.3847939827649702,0.3183407172711539,11.05614269744001,-1.475445452016902,0.0731737340406119,-1.215609656822062
1.6,0.1423708552773577,-0.2185589359536887,1.8009473262937823,0.1218243449188763,0.0845068723778012,0.0448765887813528,-0.0924698080345393,0.5510550747701415,-0.3758322893242277,0.1399850863806489,-0.2003586680932301,1.7890314940835377,-0.0849987875357392,0.5400080204509267,-0.3462543095092147,1.5143766437368895,-0.5854828365856317,-1.358478877016306,0.3241629341241309,11.084688688160895,-1.4715780402648322,0.0746888127835922,-1.213807587139024
1.62,0.1403172480798368,-0.2077705001970226,1.7935364185485902,0.1193858352040047,0.088985643552557,0.0447157644469132,-0.1118045877008042,0.5289698826482927,-0.3655072505447428,0.1399850863806489,-0.2003586680932301,1.7890314940835377,-0.0849987875357392,0.5400080204509267,-0.3462543095092147,1.5557922753374318,-0.9667389833132444,-1.1042596060924392,0.5162519389742465,11.11677846481507,-1.4672771099250908,0.0772935619595021,-1.2136282015637638
1.64,0.1379220127089567,-0.1974393776538314,1.7863422455290523,0.1175605236726191,0.0972586056976929,0.0450258184461745,-0.1261371819783086,0.5054126293720466,-0.3544359230355924,0.1399850863806489,-0.2003586680932301,1.7890314940835377,-0.0849987875357392,0.5400080204509267,-0.3462543095092147,1.485716774371575,-0.7166297138752206,-1.1778626638123069,0.5535663754575176,11.334402960384978,-1.4543381797020245,0.0780781094271675,-1.2258214240343404
1.66,0.1354274211111139,-0.188063365128101,1.7797200026445548,0.1155887860110087,0.1067554634721635,0.0454671676715967,-0.1353492270346153,0.4829648950792651,-0.3431916320159497,0.1391350985052915,-0.1949585878887209,1.7855689509884454,-0.0858465147823217,0.5323646940790184,-0.3390420618097156,1.3371580212648384,-0.4606022528153355,-1.1223867146390731,0.5622145509821347,11.34906658341697,-1.440051552639923,0.0794641324126219,-1.2399654639112423
1.68,0.1326525008171392,-0.1786479268551783,1.772987863199793,0.1131577002551132,0.1173734664826249,0.0459423666103453,-0.1412695785655311,0.4599688824043804,-0.3305826264512393,0.1374351227545767,-0.1841584274797023,1.778643864798261,-0.0875419692754867,0.5170780413352021,-0.3246175664107173,1.3442973838812329,-0.2960175765457901,-1.1498006337442328,0.6304502782355198,11.394993841145151,-1.426011502970458,0.0814579056998654,-1.2543779334570944
1.7,0.1297945269565165,-0.1696851056925804,1.7665143255161992,0.1103772570256127,0.1280146591642177,0.0463543049638371,-0.1438999301223473,0.4376799475766083,-0.3173848696974322,0.1357351470038619,-0.1733582670706838,1.7717187786080768,-0.0892374237686517,0.5017913885913857,-0.310193071011719,1.3018219428955902,-0.1315175778408103,-1.1144467413886054,0.6598878376903566,11.498883973275952,-1.4127054118351996,0.0839883861178426,-1.2683785938075136
1.72,0.1269147421910788,-0.1611590731318535,1.760310008774925,0.1072903680563501,0.1383497371723099,0.0466669094311561,-0.1436513415999714,0.4162467366838279,-0.3036953181865962,0.1339503985284889,-0.1633224392988561,1.7655149171878424,-0.0909328782618168,0.4865047358475693,-0.2957685756127208,1.2716604755158598,0.0124294261187984,-1.0716605446390193,0.6844775755418003,11.498883973275952,-1.4009198990115506,0.0868155735716351,-1.280987705518217
1.74,0.1242084141768896,-0.1534476774170775,1.7546746415762606,0.1041356603983474,0.1477342724039909,0.046859978156112,-0.1410097856797608,0.3967527215941649,-0.2902025699031479,0.1321656500531159,-0.1532866115270284,1.7593110557676082,-0.0926283327549818,0.4712180831037529,-0.2813440802137225,1.1927370815021503,0.1320777960105296,-0.9747007544831516,0.674637414172416,11.588351942393274,-1.3894958754174849,0.0901469386830436,-1.293237097557451
1.76,0.1214493679493662,-0.1457207168066219,1.7490225492896492,0.1006382797569918,0.1567227542900701,0.0469153937392334,-0.1348428659003675,0.3771612308035614,-0.2757095142844161,0.1303385152154137,-0.1436329500737961,1.7534678067323488,-0.0943237872481468,0.4559314303599366,-0.2669195848147243,1.2568870992768466,0.3083459889696618,-0.9795745395301758,0.7246527809365882,11.588351942393274,-1.3792300183669843,0.093656992586626,-1.30491472815176
1.78,0.1188480067111846,-0.138375793573793,1.7436622592601456,0.096952068520989,0.1640383383724697,0.0467490356060004,-0.1256428454880643,0.3585301756423608,-0.2610446913093375,0.1284689940153824,-0.1343614549391592,1.7479851700820643,-0.0960192417413118,0.4406447776161202,-0.252495089415726,1.27162654196986,0.4600010206151639,-0.931552758060028,0.7332411487539325,11.626717972676488,-1.3717162279451314,0.0974565443968694,-1.313974528296824
1.8,0.1164528031922645,-0.1313922043573534,1.7385975924142676,0.0931343006276051,0.1692206681258079,0.0463336568613424,-0.114481450934122,0.3409478968725487,-0.2461414525542218,0.1125658644367813,-0.1204492847916749,1.7306100246946787,-0.1095987745438742,0.3433428376477853,-0.2429832937121437,1.280448925689874,0.5580697276971102,-0.8791139384906083,0.7451619377557852,11.684647516366567,-1.3673478919359348,0.101189034382,-1.3201157636014276
1.82,0.11435297995165,-0.1250945648382663,1.733954288846624,0.0885060719056835,0.1727527567270003,0.045715439070895,-0.1070916468789471,0.3236580229180875,-0.2432988479655106,0.1125658644367813,-0.1204492847916749,1.7306100246946787,-0.1095987745438742,0.3433428376477853,-0.2429832937121437,0.950827726487292,0.3694902027587474,-0.8644936977230594,0.1421302294355567,11.684647516366567,-1.366209981556307,0.1065691119058662,-1.3220723816956763
1.84,0.1123026284761512,-0.118781724063108,1.7291301405948198,0.0828352670361287,0.175600363623934,0.0449121060271378,-0.0983143461603836,0.3087772030894374,-0.239134998891137,0.1125658644367813,-0.1204492847916749,1.7306100246946787,-0.1095987745438742,0.3433428376477853,-0.2429832937121437,0.8885626677266498,0.4388650359281723,-0.7440409914325014,0.2081924537186807,10.911261059431126,-1.3630525657631565,0.1125862094817864,-1.323748044317712
1.86,0.110437887786776,-0.1127432287464987,1.7244083416875684,0.077233906024578,0.1773938284092093,0.0440131705209719,-0.0886388884311359,0.2959292383051331,-0.2331759921669858,0.1114698766913426,-0.1170158564151971,1.7281801917575572,-0.1063899603550362,0.3403053700488702,-0.239371014192705,0.8576048660479724,0.4837728864623886,-0.6423982392152167,0.2979503362075614,11.01987428893517,-1.3617599841847567,0.1182219068216789,-1.3246523720936196
1.88,0.1087726356997784,-0.1069454941548228,1.7198224217291105,0.0720525034022526,0.1780752054316111,0.0430530379548414,-0.0785014716078768,0.2845158374672673,-0.2257106333262777,0.1092779012004651,-0.1101489996622414,1.7233205258833144,-0.0999723319773602,0.33423043485104,-0.2321464551538275,0.8496536370116197,0.5068708411629534,-0.5706700418932897,0.3732679420354018,11.123442613567022,-1.3620656405286895,0.1236496159733884,-1.3246616081353195
1.9,0.1073791430706319,-0.1016381166395222,1.715614596467297,0.0676195745326207,0.1777443084641195,0.0421070846549744,-0.0687952929954981,0.2747168418439512,-0.2175861907806486,0.1070859257095876,-0.1032821429092857,1.7184608600090716,-0.0935547035996842,0.3281554996532098,-0.22492189611495,0.8003698912977618,0.485308930618937,-0.4899497811658077,0.4062221272814567,11.206102286049829,-1.3639527719113809,0.1284242430339245,-1.3238499622393516
1.92,0.1061094779089607,-0.0962434142115035,1.711360627230514,0.0634836793616209,0.1764118854288852,0.0410901798636346,-0.058756973459004,0.265278777869707,-0.208196542156478,0.105214831637594,-0.0967190329162215,1.7139624220867726,-0.0871370752220082,0.3220805644553796,-0.2176973370760725,0.8336822116131423,0.5019159768247041,-0.4719031987122063,0.4694824312085288,11.268017188331214,-1.3672314451774377,0.1325173181807199,-1.322149269017708
1.94,0.1050365179590782,-0.09102932912296,1.7072971772841457,0.0598659693243027,0.1740618774351091,0.0400576664815409,-0.0491403276189246,0.2566036382923073,-0.1986073646222335,0.1033437375656003,-0.0901559229231573,1.7094639841644736,-0.0807194468443322,0.3160056292575494,-0.210472778037195,0.8057453842314937,0.4808322920039687,-0.4337569788699869,0.4794588767122257,11.315953596207692,-1.37159033522822,0.1359435026575578,-1.31928042598367
1.96,0.1041492342854669,-0.0859824753898215,1.7034262164395555,0.0566994112147262,0.1706644251342125,0.0390101984917559,-0.0402124132902527,0.2485030953994247,-0.1889480523479584,0.1016330842030485,-0.0837446863100388,1.7051461602181466,-0.0743018184666562,0.3099306940597192,-0.2032482189983176,0.7723806753012055,0.4463957164335966,-0.4050271446441295,0.4829656137137567,11.312117065094752,-1.3767583801376615,0.1386570691916921,-1.3153025819520985
1.98,0.1034613165749593,-0.0813330919242325,1.699928842485955,0.0540378846562421,0.1665243709092572,0.0380050053680427,-0.0327917008606313,0.2412986719987538,-0.1796584124456274,0.1000828715499386,-0.0774853230768661,1.7010089502477914,-0.0678841900889802,0.303855758861889,-0.1960236599594401,0.6951044867756395,0.371035621481067,-0.3602211700335436,0.4644819951165474,11.307924594304495,-1.3835095330695617,0.1410766585568298,-1.3095269587544505
2.0,0.1028737135885803,-0.0765823785077959,1.6964401778946367,0.0515613503030651,0.1614138314438269,0.0369489440494875,-0.0265554969583245,0.2341556222507276,-0.1696707193244033,0.1018217315319277,-0.0692681583242948,1.690945921863674,-0.0457703319323777,0.2380450644537058,-0.1544692455570328,0.6885989629270306,0.3118101951153437,-0.357152487401309,0.4993846560612081,11.307924594304495,-1.3913875920272476,0.143103091954486,-1.3024001779391088
2.02,0.1024282235839152,-0.0719879325481834,1.6931513867969856,0.0487811798191781,0.1547336036759254,0.035815428957551,-0.0187143487989186,0.2259664686029455,-0.159627981724136,0.1018217315319277,-0.0692681583242948,1.690945921863674,-0.0457703319323777,0.2380450644537058,-0.1544692455570328,0.7573018229750927,0.3920574079702924,-0.4094576823891055,0.5021368800133652,11.307639613251013,-1.399821501778744,0.145321497403973,-1.2948621476250366
2.04,0.1021172779424339,-0.0677589355621611,1.6902185952147135,0.0458280849151045,0.1466506148737777,0.0346644600049781,-0.0147948217929798,0.2196839198320445,-0.1495393122799425,0.1018217315319277,-0.0692681583242948,1.690945921863674,-0.0457703319323777,0.2380450644537058,-0.1544692455570328,0.6257282999897708,0.1959763502969383,-0.314127438545049,0.5044334722096727,11.314123280482818,-1.412014796390868,0.1479946952270472,-1.2821554596513782
2.06,0.1018295775314961,-0.0634254720637386,1.6873438178940714,0.0428667116184687,0.1375814068984142,0.0334773942371294,-0.014510542578207,0.2140248292652636,-0.1384304627212762,0.101364028212604,-0.0668877076797577,1.6894012294081036,-0.0483660581467269,0.2373943429446962,-0.1494314121793139,0.6235235745985482,0.0142139607386412,-0.2829545283390453,0.5554424779333141,11.314123280482818,-1.4250362564572172,0.1505770881595256,-1.2684489818014126
2.08,0.1015084743310558,-0.0591978692283387,1.6846931870060402,0.0402168338358959,0.1289495842902141,0.0323702929460183,-0.0177788178569597,0.2090085442912244,-0.1271697102548746,0.1004486215739564,-0.0621268063906836,1.686311844496963,-0.0535575105754255,0.236092899926677,-0.139355745423876,0.6376701426835973,-0.1634137639376332,-0.250814248701961,0.5630376233200812,11.32034054066662,-1.4369799134289984,0.1527554078720033,-1.2557960799789103
2.1,0.1010905244314966,-0.0550654657830519,1.6822673828542771,0.0379034081487362,0.1214667138886963,0.0313673434542098,-0.0239139117037411,0.2044660209505451,-0.1159655484249427,0.0995332149353089,-0.0573659051016095,1.6832224595858225,-0.058748963004124,0.2347914569086578,-0.1292800786684382,0.6778774541182456,-0.3067546923390722,-0.2271261670339641,0.5602080914965931,11.311665610872296,-1.4466350672148556,0.1544469474997581,-1.2456285419048565
2.12,0.1005553384393176,-0.0512201585887986,1.6801690213580056,0.0360036742729624,0.1159245396500595,0.0305210843316761,-0.0321967320465414,0.2005084481123067,-0.1054708936717462,0.0983582356752264,-0.0526700759634363,1.6806368580124535,-0.0639404154328226,0.2334900138906386,-0.1192044119130003,0.6971464587693499,-0.4141410171400114,-0.1978786419119194,0.5247327376598262,11.29721167196567,-1.454840571187127,0.1559007733765364,-1.2370159795475142
2.14,0.0997984540451459,-0.0472507578964504,1.6781745285991343,0.0342879452686361,0.1124189457529624,0.0297554417067506,-0.0431729954706437,0.1966370311884297,-0.0945386924619285,0.0971832564151439,-0.0479742468252632,1.6780512564390848,-0.0691318678615211,0.2321885708726194,-0.1091287451575625,0.7984034867247689,-0.5488131712051157,-0.1935708461938523,0.5466100604908847,11.28625014127192,-1.4600073948859458,0.1570406876479704,-1.232084285017923
2.16,0.0988074450469676,-0.0433547435599058,1.6763952015167334,0.0328684797520628,0.1119034957289239,0.0291292299165538,-0.0549564221881549,0.1931716155587901,-0.0839589317706596,0.0958784908443439,-0.0433109537625405,1.675717546534602,-0.0743233202902197,0.2308871278546002,-0.0990530784021246,0.8105393065385947,-0.5891713358755619,-0.1732707814819822,0.5289880345634435,11.28433259385838,-1.4602801363479794,0.1577403833237842,-1.233779246127486
2.18,0.0976615512609385,-0.039713264071263,1.6748970906846508,0.0318524404479567,0.1136829509581605,0.0286430360688124,-0.0647968939761401,0.190316380056334,-0.0742818058493033,0.0944439389628265,-0.0386801967752683,1.673635728299005,-0.0795147727189182,0.229585684836581,-0.0889774116466868,0.7046879112103549,-0.4920235893992604,-0.142761775122803,0.4838562960678173,11.253630929665633,-1.4576205288318778,0.1581263857217659,-1.2395207311585144
2.2,0.096273023142008,-0.0359349884250949,1.6735158456453914,0.0312080567014864,0.1171352974116577,0.0282205878003385,-0.0732933961767675,0.1876650830302,-0.0643777694750728,0.0944217065621315,-0.0301974450684463,1.6711830003921857,-0.0566279339859963,0.1707185814704423,-0.0655369224982753,0.6657887466534211,-0.4248251100313703,-0.1325648513066976,0.4952018187115235,11.226504878855849,-1.453204235218017,0.1580801383897276,-1.2474860278950113
2.22,0.0946896410316968,-0.0321451205401964,1.6722810678657896,0.0330468397401528,0.1226832414687855,0.028049257580022,-0.0842484701163871,0.1909429020602074,-0.059907408160341,0.0944217065621315,-0.0301974450684463,1.6711830003921857,-0.0566279339859963,0.1707185814704423,-0.0655369224982753,0.6138849096130736,-0.5477536969809772,0.16389095150037,0.2235180657365904,11.210987411575845,-1.4465694158028637,0.1552672201488544,-1.2567464083858275
2.24,0.0929207987564909,-0.0283273802950321,1.6711196358300136,0.0380849212956617,0.1305353115599283,0.0282094082232577,-0.0916043077334758,0.1898235274082733,-0.0564881290747489,0.0944217065621315,-0.0301974450684463,1.6711830003921857,-0.0566279339859963,0.1707185814704423,-0.0655369224982753,0.4094289197331395,-0.3677918808544379,-0.0559687325967048,0.1709639542796057,10.8590368808118,-1.4363784807072355,0.1490389807519968,-1.2703922376306191
2.26,0.0911426277235379,-0.0247683027041377,1.670076262635471,0.0434124541849109,0.1388622999237766,0.0284783234798039,-0.0949312096157259,0.1848136128965591,-0.0535476277862697,0.0938554272222716,-0.0284902592537419,1.6705276311672028,-0.0549941419879676,0.1667990217532639,-0.0637879458280697,0.3347165493979661,-0.1663450941125056,-0.2504957255857129,0.1470250644239612,10.833248296606143,-1.4245451837213088,0.1417469896186822,-1.2850749683256284
2.28,0.0892388914973888,-0.0211484329357454,1.6690361780486904,0.0485234449589704,0.1475322388878815,0.0287718653979973,-0.0950197703361666,0.1774651992028048,-0.0506424297246552,0.0927228685425516,-0.025075887624333,1.6692168927172373,-0.0517265579919101,0.1589599023189072,-0.0602899924876585,0.3951177121851447,-0.0044280360220312,-0.3674206846877151,0.145259903080723,10.83394134791888,-1.4129120212634152,0.1350002553596914,-1.2987809264313224
2.3000000000000003,0.0873667610498445,-0.0176914745163897,1.6680528054724906,0.0527197894553616,0.1553111168900824,0.028999327688407,-0.0921088683904484,0.1687847960257648,-0.047862948073981,0.0915903098628317,-0.0216615159949242,1.6679061542672715,-0.0484589739958526,0.1511207828845505,-0.0567920391472474,0.4784042947653841,0.1455450972859061,-0.4340201588519984,0.1389740825337108,10.847286281490597,-1.4030445899555537,0.1295713045169198,-1.3100936887896515
2.32,0.0856646709718133,-0.0145757242986943,1.6671699992032327,0.0558067331235509,0.1614191551860075,0.029111248472976,-0.0872140688228901,0.1598105815920092,-0.0452115627263713,0.0906211303829147,-0.0186391003372332,1.6667703134843268,-0.0451913899997951,0.1432816634501938,-0.0532940858068362,0.5280280100788122,0.244739978377919,-0.4487107216877783,0.1325692673804869,10.86459429743445,-1.3946005374522363,0.1249652010767511,-1.3196131322064155
2.34,0.0839884185287179,-0.0114830678372723,1.6662945744686668,0.0582127628685441,0.1662901792181384,0.0290995934148102,-0.0806676719324836,0.1500414044331934,-0.0424699070432487,0.0896519509029976,-0.0156166846795422,1.665634472701382,-0.0419238060037375,0.1354425440158372,-0.049796132466425,0.6037565951852008,0.3273198445203226,-0.4884588579407919,0.1370827841561273,10.88783492994844,-1.3884223847368389,0.1214001219206452,-1.3264388335311346
2.36,0.0824546415485387,-0.0085927134659904,1.665473825724313,0.0597404334856161,0.1694934229221456,0.0289382707577865,-0.0731574016425435,0.1396628694700631,-0.0397316271920845,0.088764461022982,-0.0127902470077101,1.664586080751947,-0.03865622200768,0.1276034245814805,-0.0462981791260138,0.6550120692631702,0.3755135144970063,-0.5189267481565174,0.1369139925582085,10.90143166953476,-1.384691127670998,0.1189919247700659,-1.3304554101780997
2.38,0.0810749705938588,-0.0059156331683321,1.664708945621853,0.060256952691797,0.1711345580862781,0.0286169152274392,-0.0653278001952174,0.1287139660566905,-0.0368754057720573,0.0879586607428678,-0.0101597873217369,1.6636251376360227,-0.0353886380116225,0.1197643051471238,-0.0428002257856026,0.6880028080966559,0.3914800723663035,-0.547445170668627,0.1428110710013606,10.913871076088071,-1.3829302532762773,0.1176434049919957,-1.332143749910706
2.4,0.0799086103583487,-0.0035790097369104,1.664037255199467,0.0596034181851118,0.1714323171481934,0.0281584674948847,-0.0579612642033264,0.1179486944389966,-0.0339495414403574,0.0778085805840979,0.0005200651345023,1.6628651753332495,-0.0592170076812807,0.1114963988661626,-0.0404853268567742,0.668426524776781,0.3683267995945514,-0.5382635808846958,0.1462932165849952,10.928693708488936,-1.383017704757311,0.1177920581948197,-1.331192460692057
2.42,0.0788359408150915,-0.0013574418423779,1.663349418485156,0.0568894991381832,0.1701682769236742,0.02744773739082,-0.049758428224617,0.1052241814081056,-0.035152864813927,0.0778085805840979,0.0005200651345023,1.6628651753332495,-0.0592170076812807,0.1114963988661626,-0.0404853268567742,0.7593545566932178,0.4101417989354674,-0.6362256515445481,-0.0601661686784792,10.94393005789334,-1.3836694011172637,0.1203190984620004,-1.3274023755033817
2.44,0.0779222044058535,0.0006470418109119,1.6626363376469764,0.0525169087011711,0.1668330272093137,0.0265244199988934,-0.0422007819901099,0.0962235906838544,-0.0360198945920088,0.0778085805840979,0.0005200651345023,1.6628651753332495,-0.0592170076812807,0.1114963988661626,-0.0404853268567742,0.5892376231782868,0.3778823117253575,-0.4500295362125636,-0.0433514889040885,10.667471410396502,-1.3882108416637806,0.1247140480654284,-1.3205093400780552
2.46,0.0771799419395431,0.002411988757055,1.661950553287465,0.048315371132938,0.1620021344745999,0.0255885314828126,-0.036591454928289,0.0900101292241693,-0.0360864025315833,0.0772164105072851,0.001635029123164,1.662460322064682,-0.0579948491784933,0.108052885428057,-0.0412073110737176,0.4185572741677476,0.2804663530910422,-0.3106730729842542,-0.0033253969787275,10.691312192512669,-1.3957388470827976,0.1294311392871671,-1.310384608891804
2.48,0.0764839772245857,0.0041568540675802,1.6612338460827218,0.0444014623170937,0.1559894093273368,0.0246333232241598,-0.0335601987828592,0.0847647748535183,-0.0355393071302708,0.0760320703536595,0.0038649571004872,1.6616506155275466,-0.0555505321729186,0.1011658585518458,-0.0426512795076044,0.304144577754772,0.1515628072714936,-0.2622677185325509,0.0273547700656268,10.714784396292089,-1.404385007543876,0.1334909975087412,-1.2990144217355435
